{
  "project_info": {
    "project_number": "278392825884",
    "project_id": "suitcase2-8a4ca",
    "storage_bucket": "suitcase2-8a4ca.appspot.com"
  },
  "client": [
    {
      "client_info": {
        "mobilesdk_app_id": "1:278392825884:android:542624a1582d369cc397d9",
        "android_client_info": {
          "package_name": "com.example.suitcase"
        }
      },
      "oauth_client": [],
      "api_key": [
        {
          "current_key": "AIzaSyDxY4yPp9yFbzmq2Ml74flprwmpgc_pCMM"
        }
      ],
      "services": {
        "appinvite_service": {
          "other_platform_oauth_client": []
        }
      }
    }
  ],
  "configuration_version": "1"
}